Rates,date,MDT_Rates,MDT_TNF,GDP_Var,MDT_GDP,HousingSt_Var,MDT_HS,Unemp_Var,MDT_UMP,PPI_Var,MDT_PPI,Permits,MDT_HOP,Payrolls,HPI_Var,MDT_HPI
5.71,01/01/2005,0.022,121.00000,12761.337,0.00000,2144,260.00000,5.3,0.00000,150.9,-1.20000,2139,3.00000,132774,161.293,1.80400
5.6275,01/02/2005,-0.042,150.00000,12761.337,238.91200,2207,102.00000,5.4,-0.10000,151.6,0.70000,2114,57.00000,133032,163.35,1.96000
5.928,01/03/2005,-0.0825,258.00000,12761.337,0.00000,1864,63.00000,5.2,0.10000,153.7,0.70000,2062,-25.00000,133156,165.819,2.05700
5.855,01/04/2005,0.3005,124.00000,12910.022,0.00000,2061,-343.00000,5.2,-0.20000,155,2.10000,2150,-52.00000,133518,167.506,2.46900
5.72,01/05/2005,-0.073,362.00000,12910.022,148.68500,2025,197.00000,5.1,0.00000,154.3,1.30000,2085,88.00000,133690,169.354,1.68700
5.582,01/06/2005,-0.135,172.00000,12910.022,0.00000,2068,-36.00000,5,-0.10000,154.3,-0.70000,2178,-65.00000,133942,171.192,1.84800
5.695,01/07/2005,-0.138,252.00000,13142.873,0.00000,2054,43.00000,5,-0.10000,156.3,0.00000,2203,93.00000,134296,172.86,1.83800
5.82,01/08/2005,0.113,354.00000,13142.873,232.85100,2095,-14.00000,4.9,0.00000,157.6,2.00000,2219,25.00000,134498,174.442,1.66800
5.774,01/09/2005,0.125,202.00000,13142.873,0.00000,2151,41.00000,5,-0.10000,162.2,1.30000,2263,16.00000,134566,176.439,1.58200
6.065,01/10/2005,-0.046,68.00000,13332.316,0.00000,2065,56.00000,5,0.10000,166.2,4.60000,2170,44.00000,134655,178.03,1.99700
6.33,01/11/2005,0.291,89.00000,13332.316,189.44300,2147,-86.00000,5,0.00000,163.7,4.00000,2218,-93.00000,134993,179.685,1.59100
6.272,01/12/2005,0.265,338.00000,13332.316,0.00000,1994,82.00000,4.9,0.00000,163,-2.50000,2120,48.00000,135149,180.914,1.65500
6.145,01/01/2006,-0.058,156.00000,13603.933,0.00000,2273,-153.00000,4.7,-0.10000,164.3,-0.70000,2212,-98.00000,135429,182.325,1.22900
6.2525,01/02/2006,-0.127,280.00000,13603.933,271.61700,2119,279.00000,4.8,-0.20000,161.8,1.30000,2141,92.00000,135737,183.292,1.41100
6.324,01/03/2006,0.1075,308.00000,13603.933,0.00000,1969,-154.00000,4.7,0.10000,162.2,-2.50000,2118,-71.00000,136047,184.37,0.96700
6.5075,01/04/2006,0.0715,310.00000,13749.806,0.00000,1821,-150.00000,4.7,-0.10000,164.3,0.40000,1998,-23.00000,136205,184.332,1.07800
6.5975,01/05/2006,0.1835,158.00000,13749.806,145.87300,1942,-148.00000,4.6,0.00000,165.8,2.10000,1905,-120.00000,136244,184.158,-0.03800
6.682,01/06/2006,0.09,39.00000,13749.806,0.00000,1802,121.00000,4.6,-0.10000,166.1,1.50000,1867,-93.00000,136325,183.511,-0.17400
6.7625,01/07/2006,0.0845,81.00000,13867.469,0.00000,1737,-140.00000,4.7,0.00000,166.8,0.30000,1763,-38.00000,136520,183.073,-0.64700
6.524,01/08/2006,0.0805,195.00000,13867.469,117.66300,1650,-65.00000,4.7,0.10000,167.9,0.70000,1722,-104.00000,136694,182.602,-0.43800
6.4025,01/09/2006,-0.2385,174.00000,13867.469,0.00000,1720,-87.00000,4.5,0.00000,165.4,1.10000,1655,-41.00000,136843,182.806,-0.47100
6.3575,01/10/2006,-0.1215,149.00000,14037.228,0.00000,1491,70.00000,4.4,-0.20000,162.2,-2.50000,1570,-67.00000,136852,183.205,0.20400
6.24,01/11/2006,-0.045,9.00000,14037.228,169.75900,1570,-229.00000,4.5,-0.10000,164.6,-3.20000,1535,-85.00000,137063,183.614,0.39900
6.135,01/12/2006,-0.1175,211.00000,14037.228,0.00000,1649,79.00000,4.4,0.10000,165.6,2.40000,1638,-35.00000,137249,184.143,0.40900
6.2175,01/01/2007,-0.105,186.00000,14208.569,0.00000,1409,79.00000,4.6,-0.10000,164,1.00000,1626,103.00000,137477,184.52,0.52900
6.285,01/02/2007,0.0825,228.00000,14208.569,171.34100,1480,-240.00000,4.5,0.20000,166.8,-1.60000,1598,-12.00000,137558,184.6,0.37700
6.156,01/03/2007,0.0675,81.00000,14208.569,0.00000,1495,71.00000,4.4,-0.10000,169.3,2.80000,1596,-28.00000,137793,184.153,0.08000
6.18,01/04/2007,-0.129,235.00000,14382.363,0.00000,1490,15.00000,4.5,-0.10000,171.4,2.50000,1470,-2.00000,137842,183.014,-0.44700
6.262,01/05/2007,0.024,49.00000,14382.363,173.79400,1415,-5.00000,4.4,0.10000,173.3,2.10000,1493,-126.00000,137993,181.605,-1.13900
6.6575,01/06/2007,0.082,151.00000,14382.363,0.00000,1448,-75.00000,4.6,-0.10000,173.8,1.90000,1407,23.00000,138069,180.26,-1.40900
6.695,01/07/2007,0.3955,76.00000,14535.003,0.00000,1354,33.00000,4.7,0.20000,175.1,0.50000,1361,-86.00000,138038,179.118,-1.34500
6.572,01/08/2007,0.0375,-31.00000,14535.003,152.64000,1330,-94.00000,4.6,0.10000,172.4,1.30000,1321,-46.00000,138015,178.126,-1.14200
6.3825,01/09/2007,-0.123,-23.00000,14535.003,0.00000,1183,-24.00000,4.7,-0.10000,173.5,-2.70000,1261,-40.00000,138095,177.567,-0.99200
6.375,01/10/2007,-0.1895,80.00000,14681.501,0.00000,1264,-147.00000,4.7,0.10000,174.7,1.10000,1192,-60.00000,138174,176.633,-0.55900
6.208,01/11/2007,-0.0075,79.00000,14681.501,146.49800,1197,81.00000,4.7,0.00000,179,1.20000,1224,-69.00000,138284,175.154,-0.93400
6.095,01/12/2007,-0.167,110.00000,14681.501,0.00000,1037,-67.00000,5,0.00000,178.6,4.30000,1149,32.00000,138392,174.347,-1.47900
5.758,01/01/2008,-0.113,108.00000,14651.039,0.00000,1084,-160.00000,5,0.30000,181,-0.40000,1094,-75.00000,138403,173.137,-0.80700
5.9175,01/02/2008,-0.337,11.00000,14651.039,-30.46200,1103,47.00000,4.9,0.00000,182.7,2.40000,1014,-55.00000,138324,171.545,-1.21000
5.97,01/03/2008,0.1595,-79.00000,14651.039,0.00000,1005,19.00000,5.1,-0.10000,187.9,1.70000,967,-80.00000,138275,170.058,-1.59200
5.9175,01/04/2008,0.0525,-49.00000,14805.611,0.00000,1013,-98.00000,5,0.20000,190.9,5.20000,1008,-47.00000,138035,168.343,-1.48700
6.036,01/05/2008,-0.0525,-240.00000,14805.611,154.57200,973,8.00000,5.4,-0.10000,196.6,3.00000,995,41.00000,137858,166.665,-1.71500
6.32,01/06/2008,0.1185,-177.00000,14805.611,0.00000,1046,-40.00000,5.6,0.40000,200.5,5.70000,1180,-13.00000,137687,165.025,-1.67800
6.426,01/07/2008,0.284,-171.00000,14835.187,0.00000,923,73.00000,5.8,0.20000,205.5,3.90000,921,185.00000,137491,163.576,-1.64000
6.4775,01/08/2008,0.106,-196.00000,14835.187,29.57600,844,-123.00000,6.1,0.20000,199,5.00000,858,-259.00000,137213,161.999,-1.44900
6.0375,01/09/2008,0.0515,-278.00000,14835.187,0.00000,820,-79.00000,6.1,0.30000,196.9,-6.50000,797,-63.00000,136753,160.317,-1.57700
6.2,01/10/2008,-0.44,-460.00000,14559.543,0.00000,777,-24.00000,6.5,0.00000,186.4,-2.10000,736,-61.00000,136272,158.333,-1.68200
6.0875,01/11/2008,0.1625,-481.00000,14559.543,-275.64400,652,-43.00000,6.8,0.40000,176.8,-10.50000,626,-61.00000,135545,156.147,-1.98400
5.286,01/12/2008,-0.1125,-727.00000,14559.543,0.00000,560,-125.00000,7.3,0.30000,170.9,-9.60000,554,-110.00000,134839,153.623,-2.18600
5.0475,01/01/2009,-0.8015,-706.00000,14394.547,0.00000,490,-92.00000,7.8,0.50000,171.2,-5.90000,545,-72.00000,134055,151.513,-2.52400
5.13,01/02/2009,-0.2385,-784.00000,14394.547,-164.99600,582,-70.00000,8.3,0.50000,169.3,0.30000,558,-9.00000,133312,150.02,-2.11000
5.0025,01/03/2009,0.0825,-743.00000,14394.547,0.00000,505,92.00000,8.7,0.50000,168.1,-1.90000,513,13.00000,132512,148.666,-1.49300
4.81,01/04/2009,-0.1275,-800.00000,14352.85,0.00000,478,-77.00000,9,0.40000,169.1,-1.20000,521,-45.00000,131817,147.956,-1.35400
4.8575,01/05/2009,-0.1925,-695.00000,14352.85,-41.69700,540,-27.00000,9.4,0.30000,170.8,1.00000,556,8.00000,131475,147.701,-0.71000
5.42,01/06/2009,0.0475,-342.00000,14352.85,0.00000,585,62.00000,9.5,0.40000,174.1,1.70000,601,35.00000,131008,148.095,-0.25500
5.222,01/07/2009,0.5625,-467.00000,14420.312,0.00000,594,45.00000,9.5,0.10000,172.5,3.30000,595,45.00000,130668,148.412,0.39400
5.1925,01/08/2009,-0.198,-340.00000,14420.312,67.46200,586,9.00000,9.6,0.00000,175,-1.60000,616,-6.00000,130485,148.277,0.31700
5.0575,01/09/2009,-0.0295,-183.00000,14420.312,0.00000,585,-8.00000,9.8,0.10000,174.1,2.50000,609,21.00000,130244,148.025,-0.13500
4.952,01/10/2009,-0.135,-241.00000,14628.021,0.00000,534,-1.00000,10,0.20000,175.2,-0.90000,583,-7.00000,130045,147.853,-0.25200
4.875,01/11/2009,-0.1055,-199.00000,14628.021,207.70900,588,-51.00000,9.9,0.20000,177.4,1.10000,623,-26.00000,130057,148.14,-0.17200
4.93,01/12/2009,-0.077,12.00000,14628.021,0.00000,581,54.00000,9.9,-0.10000,178.1,2.20000,664,40.00000,129788,147.935,0.28700
5.03,01/01/2010,0.055,-269.00000,14721.35,0.00000,614,-7.00000,9.8,0.00000,181.9,0.70000,636,41.00000,129790,147.395,-0.20500
4.99,01/02/2010,0.1,2.00000,14721.35,93.32900,604,33.00000,9.8,-0.10000,181,3.80000,650,-28.00000,129698,145.631,-0.54000
4.9675,01/03/2010,-0.04,-92.00000,14721.35,0.00000,636,-10.00000,9.9,0.00000,183.3,-0.90000,687,14.00000,129879,145.857,-1.76400
5.098,01/04/2010,-0.0225,181.00000,14926.098,0.00000,687,32.00000,9.9,0.10000,184.4,2.30000,637,37.00000,130110,146.401,0.22600
4.8875,01/05/2010,0.1305,231.00000,14926.098,204.74800,583,51.00000,9.6,0.00000,184.8,1.10000,575,-50.00000,130650,146.392,0.54400
4.7375,01/06/2010,-0.2105,540.00000,14926.098,0.00000,536,-104.00000,9.4,-0.30000,183.5,0.40000,587,-62.00000,130511,145.718,-0.00900
4.564,01/07/2010,-0.15,-139.00000,15079.917,0.00000,546,-47.00000,9.4,-0.20000,184.1,-1.30000,579,12.00000,130427,144.987,-0.67400
4.4275,01/08/2010,-0.1735,-84.00000,15079.917,153.81900,599,10.00000,9.5,0.00000,184.9,0.60000,580,-8.00000,130422,143.91,-0.73100
4.346,01/09/2010,-0.1365,-5.00000,15079.917,0.00000,594,53.00000,9.5,0.10000,184.9,0.80000,563,1.00000,130357,143.013,-1.07700
4.225,01/10/2010,-0.0815,-65.00000,15240.843,0.00000,543,-5.00000,9.4,0.00000,186.6,0.00000,558,-17.00000,130625,142.526,-0.89700
4.3,01/11/2010,-0.121,268.00000,15240.843,160.92600,545,-51.00000,9.8,-0.10000,187.7,1.70000,560,-5.00000,130750,142.17,-0.48700
4.714,01/12/2010,0.075,125.00000,15240.843,0.00000,539,2.00000,9.3,0.40000,189.7,1.10000,632,2.00000,130822,142.061,-0.35600
4.755,01/01/2011,0.414,72.00000,15285.828,0.00000,630,-6.00000,9.1,-0.50000,192.7,2.00000,576,72.00000,130841,141.525,-0.10900
4.9525,01/02/2011,0.041,19.00000,15285.828,44.98500,517,91.00000,9,-0.20000,195.8,3.00000,542,-56.00000,131053,140.353,-0.53600
4.836,01/03/2011,0.1975,212.00000,15285.828,0.00000,600,-113.00000,9,-0.10000,199.2,3.10000,583,-34.00000,131288,139.982,-1.17200
4.84,01/04/2011,-0.1165,235.00000,15496.189,0.00000,554,83.00000,9.1,0.00000,203.1,3.40000,581,41.00000,131602,140.006,-0.37100
4.6375,01/05/2011,0.004,314.00000,15496.189,210.36100,561,-46.00000,9,0.10000,204.1,3.90000,618,-2.00000,131703,139.899,0.02400
4.51,01/06/2011,-0.2025,101.00000,15496.189,0.00000,608,7.00000,9.1,-0.10000,203.9,1.00000,636,37.00000,131939,139.856,-0.10700
4.545,01/07/2011,-0.1275,236.00000,15591.85,0.00000,623,47.00000,9,0.10000,204.6,-0.20000,621,18.00000,131999,139.726,-0.04300
4.27,01/08/2011,0.035,60.00000,15591.85,95.66100,585,15.00000,9,-0.10000,203.2,0.70000,647,-15.00000,132125,139.305,-0.13000
4.106,01/09/2011,-0.275,126.00000,15591.85,0.00000,650,-38.00000,9,0.00000,203.7,-1.40000,610,26.00000,132358,138.663,-0.42100
4.0675,01/10/2011,-0.164,233.00000,15796.46,0.00000,610,65.00000,8.8,0.00000,201.1,0.50000,671,-37.00000,132562,137.946,-0.64200
3.9925,01/11/2011,-0.0385,204.00000,15796.46,204.61000,711,-40.00000,8.6,-0.20000,201.4,-2.60000,706,61.00000,132694,137.146,-0.71700
3.958,01/12/2011,-0.075,132.00000,15796.46,0.00000,694,101.00000,8.5,-0.20000,199.8,0.30000,697,35.00000,132896,136.669,-0.80000
3.915,01/01/2012,-0.0345,202.00000,16019.758,0.00000,723,-17.00000,8.3,-0.10000,200.7,-1.60000,712,-9.00000,133250,136.604,-0.47700
3.89,01/02/2012,-0.043,354.00000,16019.758,223.29800,704,29.00000,8.3,-0.20000,201.6,0.90000,738,15.00000,133512,136.532,-0.06500
3.954,01/03/2012,-0.025,262.00000,16019.758,0.00000,695,-19.00000,8.2,0.00000,204.2,0.90000,806,26.00000,133752,137.906,-0.07200
3.91,01/04/2012,0.064,240.00000,16152.257,0.00000,753,-9.00000,8.2,-0.10000,203.7,2.60000,732,68.00000,133834,139.156,1.37400
3.798,01/05/2012,-0.044,82.00000,16152.257,132.49900,708,58.00000,8.2,0.00000,201.9,-0.50000,796,-74.00000,133934,140.154,1.25000
3.675,01/06/2012,-0.112,100.00000,16152.257,0.00000,757,-45.00000,8.2,0.00000,199.8,-1.80000,794,64.00000,134007,141.027,0.99800
3.55,01/07/2012,-0.123,73.00000,16257.151,0.00000,740,49.00000,8.2,0.00000,200.1,-2.10000,849,-2.00000,134159,141.664,0.87300
3.602,01/08/2012,-0.125,152.00000,16257.151,104.89400,754,-17.00000,8.1,0.00000,202.7,0.30000,840,55.00000,134331,142.275,0.63700
3.4975,01/09/2012,0.052,172.00000,16257.151,0.00000,847,14.00000,7.8,-0.10000,204.4,2.60000,930,-9.00000,134518,142.908,0.61100
3.3825,01/10/2012,-0.1045,187.00000,16358.863,0.00000,915,93.00000,7.8,-0.30000,203.5,1.70000,887,90.00000,134677,143.604,0.63300
3.352,01/11/2012,-0.115,159.00000,16358.863,101.71200,833,68.00000,7.7,0.00000,201.8,-0.90000,917,-43.00000,134833,144.591,0.69600
3.345,01/12/2012,-0.0305,156.00000,16358.863,0.00000,976,-82.00000,7.9,-0.10000,201.5,-1.70000,941,30.00000,135072,145.507,0.98700
3.414,01/01/2013,-0.007,239.00000,16569.591,0.00000,888,143.00000,8,0.20000,202.5,-0.30000,940,24.00000,135263,146.84,0.91600
3.5325,01/02/2013,0.069,191.00000,16569.591,210.72800,962,-88.00000,7.7,0.10000,204.3,1.00000,980,-1.00000,135541,147.777,1.33300
3.565,01/03/2013,0.1185,278.00000,16569.591,0.00000,1010,74.00000,7.5,-0.30000,204,1.80000,936,40.00000,135680,149.959,0.93700
3.445,01/04/2013,0.0325,139.00000,16637.926,0.00000,835,48.00000,7.6,-0.20000,203.5,-0.30000,1012,-44.00000,135871,151.522,2.18200
3.536,01/05/2013,-0.12,191.00000,16637.926,68.33500,930,-175.00000,7.5,0.10000,204.1,-0.50000,1003,76.00000,136093,152.86,1.56300
4.07,01/06/2013,0.091,222.00000,16637.926,0.00000,839,95.00000,7.5,-0.10000,204.3,0.60000,942,-9.00000,136274,154.202,1.33800
4.37,01/07/2013,0.534,181.00000,16848.748,0.00000,880,-91.00000,7.3,0.00000,204.4,0.20000,997,-61.00000,136386,155.614,1.34200
4.456,01/08/2013,0.3,112.00000,16848.748,210.82200,917,41.00000,7.2,-0.20000,204.2,0.10000,964,55.00000,136628,156.979,1.41200
4.49,01/09/2013,0.086,242.00000,16848.748,0.00000,850,37.00000,7.2,-0.10000,203.9,-0.20000,1004,-33.00000,136815,158.234,1.36500
4.192,01/10/2013,0.034,187.00000,17083.137,0.00000,925,-67.00000,7.2,0.00000,202.5,-0.30000,1044,40.00000,137040,159.242,1.25500
4.255,01/11/2013,-0.298,225.00000,17083.137,234.38900,1100,75.00000,6.9,0.00000,201.2,-1.40000,1029,40.00000,137304,160.068,1.00800
4.4575,01/12/2013,0.063,264.00000,17083.137,0.00000,1002,175.00000,6.7,-0.30000,202,-1.30000,1005,-15.00000,137373,160.994,0.82600
4.432,01/01/2014,0.2025,69.00000,17104.555,0.00000,888,-98.00000,6.6,-0.20000,203.8,0.80000,976,-24.00000,137548,161.961,0.92600
4.3025,01/02/2014,-0.0255,175.00000,17104.555,21.41800,944,-114.00000,6.7,-0.10000,205.7,1.80000,1039,-29.00000,137714,162.542,0.96700
4.3425,01/03/2014,-0.1295,166.00000,17104.555,0.00000,970,56.00000,6.7,0.10000,207,1.90000,1067,63.00000,137968,163.109,0.58100
4.3375,01/04/2014,0.04,254.00000,17432.909,0.00000,1043,26.00000,6.2,0.00000,208.3,1.30000,1090,28.00000,138293,163.418,0.56700
4.192,01/05/2014,-0.005,325.00000,17432.909,328.35400,1007,73.00000,6.3,-0.50000,208,1.30000,1018,23.00000,138511,163.682,0.30900
4.1625,01/06/2014,-0.1455,218.00000,17432.909,0.00000,911,-36.00000,6.1,0.10000,208.3,-0.30000,1010,-72.00000,138837,164.062,0.26400
4.13,01/07/2014,-0.0295,326.00000,17721.657,0.00000,1085,-96.00000,6.2,-0.20000,208,0.30000,1076,-8.00000,139069,164.579,0.38000
4.115,01/08/2014,-0.0325,232.00000,17721.657,288.74800,984,174.00000,6.1,0.10000,207,-0.30000,1047,66.00000,139257,165.223,0.51700
4.1625,01/09/2014,-0.015,188.00000,17721.657,0.00000,1023,-101.00000,5.9,-0.10000,206.4,-1.00000,1077,-29.00000,139566,165.915,0.64400
4.036,01/10/2014,0.0475,309.00000,17849.912,0.00000,1074,39.00000,5.7,-0.20000,203.4,-0.60000,1094,30.00000,139818,166.652,0.69200
3.9975,01/11/2014,-0.1265,252.00000,17849.912,128.25500,1001,51.00000,5.8,-0.20000,200.9,-3.00000,1059,17.00000,140109,167.348,0.73700
3.864,01/12/2014,-0.0385,291.00000,17849.912,0.00000,1073,-73.00000,5.6,0.10000,197,-2.50000,1070,-35.00000,140377,168.079,0.69600
3.67,01/01/2015,-0.1335,268.00000,17984.178,0.00000,1085,72.00000,5.7,-0.20000,192,-3.90000,1048,11.00000,140568,168.71,0.73100
3.71,01/02/2015,-0.194,191.00000,17984.178,134.26600,886,12.00000,5.5,0.10000,191.1,-5.00000,1127,-22.00000,140839,169.181,0.63100
3.77,01/03/2015,0.04,271.00000,17984.178,0.00000,960,-199.00000,5.4,-0.20000,191.5,-0.90000,1078,79.00000,140910,169.857,0.47100
3.672,01/04/2015,0.06,71.00000,18219.405,0.00000,1190,74.00000,5.4,-0.10000,190.9,0.40000,1161,-49.00000,141194,170.349,0.67600
3.84,01/05/2015,-0.098,284.00000,18219.405,235.22700,1079,230.00000,5.6,0.00000,193.4,-0.60000,1275,83.00000,141525,170.917,0.49200
3.9825,01/06/2015,0.168,331.00000,18219.405,0.00000,1205,-111.00000,5.3,0.20000,194.8,2.50000,1378,114.00000,141699,171.467,0.56800
4.046,01/07/2015,0.1425,174.00000,18344.713,0.00000,1146,126.00000,5.2,-0.30000,193.9,1.40000,1139,103.00000,142001,172.131,0.55000
3.905,01/08/2015,0.0635,302.00000,18344.713,125.30800,1130,-59.00000,5.1,-0.10000,191.9,-0.90000,1165,-239.00000,142126,172.949,0.66400
3.89,01/09/2015,-0.141,125.00000,18344.713,0.00000,1224,-16.00000,5,-0.10000,189.1,-2.00000,1143,26.00000,142281,173.847,0.81800
3.796,01/10/2015,-0.015,155.00000,18350.825,0.00000,1058,94.00000,5,-0.10000,187.5,-2.80000,1158,-22.00000,142587,174.819,0.89800
3.9425,01/11/2015,-0.094,306.00000,18350.825,6.11200,1172,-166.00000,5.1,0.00000,185.7,-1.60000,1245,15.00000,142824,175.777,0.97200
3.964,01/12/2015,0.1465,237.00000,18350.825,0.00000,1146,114.00000,5,0.10000,183.5,-1.80000,1209,87.00000,143097,176.598,0.95800
3.8725,01/01/2016,0.0215,273.00000,18424.283,0.00000,1103,-26.00000,4.9,-0.10000,182.6,-2.20000,1167,-36.00000,143170,177.366,0.82100
3.66,01/02/2016,-0.0915,73.00000,18424.283,73.45800,1203,-43.00000,4.9,-0.10000,181.3,-0.90000,1186,-42.00000,143433,177.717,0.76800
3.694,01/03/2016,-0.2125,263.00000,18424.283,0.00000,1114,100.00000,5,0.00000,182.1,-1.30000,1119,19.00000,143662,178.241,0.35100
3.605,01/04/2016,0.034,229.00000,18637.253,0.00000,1158,-89.00000,5,0.10000,183.2,0.80000,1155,-67.00000,143849,178.835,0.52400
3.6,01/05/2016,-0.089,187.00000,18637.253,212.97000,1131,44.00000,4.8,0.00000,185.3,1.10000,1198,36.00000,143891,179.475,0.59400
3.568,01/06/2016,-0.005,42.00000,18637.253,0.00000,1200,-27.00000,4.9,-0.20000,187.6,2.10000,1204,43.00000,144158,180.092,0.64000
3.44,01/07/2016,-0.032,267.00000,18806.743,0.00000,1245,69.00000,4.8,0.10000,187.7,2.30000,1193,6.00000,144512,180.846,0.61700
3.435,01/08/2016,-0.128,354.00000,18806.743,169.49000,1155,45.00000,4.9,-0.10000,186.6,0.10000,1203,-11.00000,144647,181.881,0.75400
3.46,01/09/2016,-0.005,135.00000,18806.743,0.00000,1072,-90.00000,5,0.10000,186.9,-1.10000,1282,10.00000,144916,182.867,1.03500
3.47,01/10/2016,0.025,269.00000,18991.883,0.00000,1321,-83.00000,4.9,0.10000,186.7,0.30000,1271,79.00000,145061,183.803,0.98600
3.77,01/11/2016,0.01,145.00000,18991.883,185.14000,1150,249.00000,4.7,-0.10000,186.3,-0.20000,1236,-11.00000,145212,184.814,0.93600
4.198,01/12/2016,0.3,151.00000,18991.883,0.00000,1267,-171.00000,4.7,-0.20000,188.2,-0.40000,1251,-35.00000,145442,185.79,1.01100
4.15,01/01/2017,0.428,230.00000,19190.431,0.00000,1206,117.00000,4.7,0.00000,190.7,1.90000,1313,15.00000,145627,186.934,0.97600
4.1675,01/02/2017,-0.048,185.00000,19190.431,198.54800,1282,-61.00000,4.6,0.00000,191.6,2.50000,1239,62.00000,145815,187.445,1.14400
4.196,01/03/2017,0.0175,188.00000,19190.431,0.00000,1186,76.00000,4.4,-0.10000,191.5,0.90000,1292,-74.00000,145944,188.169,0.51100
4.045,01/04/2017,0.0285,129.00000,19356.649,0.00000,1150,-96.00000,4.4,-0.20000,193,-0.10000,1255,53.00000,146141,188.917,0.72400
4.01,01/05/2017,-0.151,197.00000,19356.649,166.21800,1123,-36.00000,4.4,0.00000,192.8,1.50000,1209,-37.00000,146296,189.752,0.74800
3.904,01/06/2017,-0.035,155.00000,19356.649,0.00000,1243,-27.00000,4.3,0.00000,193.6,-0.20000,1326,-46.00000,146512,190.564,0.83500
3.9675,01/07/2017,-0.106,216.00000,19611.704,0.00000,1207,120.00000,4.3,-0.10000,193.5,0.80000,1265,117.00000,146727,191.478,0.81200
3.88,01/08/2017,0.0635,215.00000,19611.704,255.05500,1163,-36.00000,4.4,0.00000,193.8,-0.10000,1309,-61.00000,146911,192.714,0.91400
3.805,01/09/2017,-0.0875,184.00000,19611.704,0.00000,1174,-44.00000,4.2,0.10000,194.8,0.30000,1257,44.00000,146929,193.814,1.23600
3.895,01/10/2017,-0.075,18.00000,19918.91,0.00000,1256,11.00000,4.1,-0.20000,194.9,1.00000,1339,-52.00000,147196,194.864,1.10000
3.922,01/11/2017,0.09,267.00000,19918.91,307.20600,1300,82.00000,4.2,-0.10000,195.9,0.10000,1299,82.00000,147421,195.986,1.05000
3.95,01/12/2017,0.027,225.00000,19918.91,0.00000,1199,44.00000,4.1,0.10000,196.3,1.00000,1312,-40.00000,147551,197.194,1.12200
4.0325,01/01/2018,0.028,130.00000,20163.159,0.00000,1314,-101.00000,4.1,-0.10000,197.9,0.40000,1365,13.00000,147672,198.412,1.20800
4.33,01/02/2018,0.0825,121.00000,20163.159,244.24900,1288,115.00000,4.1,0.00000,199.3,1.60000,1332,53.00000,148078,199.376,1.21800
4.444,01/03/2018,0.2975,406.00000,20163.159,0.00000,1335,-26.00000,4,0.00000,199.3,1.40000,1415,-33.00000,148254,200.258,0.96400
4.4675,01/04/2018,0.114,176.00000,20510.177,0.00000,1269,47.00000,4,-0.10000,200.3,0.00000,1387,83.00000,148391,201.026,0.88200
4.586,01/05/2018,0.0235,137.00000,20510.177,347.01800,1334,-66.00000,3.8,0.00000,203.2,1.00000,1330,-28.00000,148669,201.701,0.76800
4.57,01/06/2018,0.1185,278.00000,20510.177,0.00000,1190,65.00000,4,-0.20000,204.2,2.90000,1317,-57.00000,148888,202.38,0.67500
4.5275,01/07/2018,-0.016,219.00000,20749.752,0.00000,1195,-144.00000,3.8,0.20000,204.3,1.00000,1331,-13.00000,149024,202.96,0.67900
4.55,01/08/2018,-0.0425,136.00000,20749.752,239.57500,1280,5.00000,3.8,-0.20000,203.4,0.10000,1258,14.00000,149268,203.746,0.58000
4.6275,01/09/2018,0.0225,244.00000,20749.752,0.00000,1246,85.00000,3.7,0.00000,203.6,-0.90000,1290,-73.00000,149348,204.406,0.78600
4.83,01/10/2018,0.0775,80.00000,20897.804,0.00000,1207,-34.00000,3.8,-0.10000,204.6,0.20000,1267,32.00000,149549,205.166,0.66000
4.866,01/11/2018,0.2025,201.00000,20897.804,148.05200,1204,-39.00000,3.7,0.10000,202.3,1.00000,1319,-23.00000,149683,205.669,0.76000
4.6375,01/12/2018,0.036,134.00000,20897.804,0.00000,1117,-3.00000,3.9,-0.10000,201,-2.30000,1334,52.00000,149865,206.093,0.50300
4.464,01/01/2019,-0.2285,182.00000,21098.827,0.00000,1272,-87.00000,4,0.20000,199.1,-1.30000,1316,15.00000,150134,206.586,0.42400
4.37,01/02/2019,-0.1735,269.00000,21098.827,201.02300,1137,155.00000,3.8,0.10000,199.2,-1.90000,1305,-18.00000,150135,207.012,0.49300
4.265,01/03/2019,-0.094,1.00000,21098.827,0.00000,1203,-135.00000,3.8,-0.20000,200.8,0.10000,1327,-11.00000,150282,207.566,0.42600
4.1425,01/04/2019,-0.105,147.00000,21340.267,0.00000,1267,66.00000,3.6,0.00000,202.1,1.60000,1330,22.00000,150492,208.218,0.55400
4.072,01/05/2019,-0.1225,210.00000,21340.267,241.44000,1268,64.00000,3.6,-0.20000,201.7,1.30000,1338,3.00000,150577,208.693,0.65200
3.8025,01/06/2019,-0.0705,85.00000,21340.267,0.00000,1235,1.00000,3.7,0.00000,200.3,-0.40000,1273,8.00000,150759,209.032,0.47500
3.765,01/07/2019,-0.2695,182.00000,21542.54,0.00000,1212,-33.00000,3.7,0.10000,200.7,-1.40000,1366,-65.00000,150953,209.442,0.33900
3.616,01/08/2019,-0.0375,194.00000,21542.54,202.27300,1377,-23.00000,3.7,0.00000,199.2,0.40000,1471,93.00000,151160,210.204,0.41000
3.605,01/09/2019,-0.149,207.00000,21542.54,0.00000,1274,165.00000,3.5,0.00000,198.4,-1.50000,1437,105.00000,151368,210.955,0.76200
3.688,01/10/2019,-0.011,208.00000,21729.124,0.00000,1340,-103.00000,3.6,-0.20000,198.6,-0.80000,1503,-34.00000,151553,211.774,0.75100
3.695,01/11/2019,0.083,185.00000,21729.124,186.58400,1371,66.00000,3.5,0.10000,199,0.20000,1510,66.00000,151814,212.663,0.81900
3.72,01/12/2019,0.007,261.00000,21729.124,0.00000,1587,31.00000,3.5,-0.10000,199,0.40000,1457,7.00000,151998,213.601,0.88900
3.624,01/01/2020,0.025,184.00000,21534.907,0.00000,1617,216.00000,3.6,0.00000,199.4,0.00000,1536,-53.00000,152212,214.56,0.93800
